,mean,scale
age,46.427347020131556,15.064314767944587
patient_chronotype,9.675247639507159,1.1066353217669747
sri,71.66299827899556,14.441979233743744
