,mean,scale
age,46.427347020131556,15.064314767944587
episode_hr_mean,61.519813066082804,6.824423367983202
nadir_time_pct,0.6373401143183881,0.2816311859111336
patient_chronotype,9.675247639507159,1.1066353217669747
se,81.23130157464621,14.441248075006065
sri,71.66299827899556,14.441979233743744
waso,87.77376918477178,65.47365978146735
