,nadir_time_pct,episode_hr_mean,chronotype_desync,abs_chronotype_desync,nadir_hr,patient_chronotype
nadir_time_pct,1.0,0.05550430412062961,-0.058509183155654676,-0.032294413263901874,0.030872751431670894,-0.01599584312015842
episode_hr_mean,0.05550430412062961,1.0,0.07521321278744805,0.11631788939715726,0.9052779851991628,0.04328847288472195
chronotype_desync,-0.058509183155654676,0.07521321278744805,1.0,0.2809633024372049,0.07759904602732835,-0.0008575122478652002
abs_chronotype_desync,-0.032294413263901874,0.11631788939715726,0.2809633024372049,1.0,0.0571943966695381,0.1938976345960079
nadir_hr,0.030872751431670894,0.9052779851991628,0.07759904602732835,0.0571943966695381,1.0,0.01965290859400198
patient_chronotype,-0.01599584312015842,0.04328847288472195,-0.0008575122478652002,0.1938976345960079,0.01965290859400198,1.0
