,mean,scale
age,46.393253968253966,15.068392828286752
